2026-02-22T19:16:04.560Z,quicknode,114427136136,71065,8131764429504840,84475416614,120000000000,120000000000,288950833228,14531045481673910,20534290963347820,299,""
2026-02-22T19:16:05.006Z,alchemy,114475416614,71065,8135195481673910,84475416614,120000000000,120000000000,288950833228,14531045481673910,20534290963347820,441,""
2026-02-22T19:16:06.110Z,dwellir,114475416614,71065,8135195481673910,84475416614,120000000000,120000000000,288950833228,14531045481673910,20534290963347820,1103,""
2026-02-22T19:26:06.416Z,quicknode,91523796500,71065,6504138598272500,61405567518,123576000000,123576000000,246387135036,13145715095666670,17509501751333340,258,""
2026-02-22T19:26:06.842Z,alchemy,91405567518,71065,6495736655666670,61405567518,123576000000,123576000000,246387135036,13145715095666670,17509501751333340,423,""
2026-02-22T19:26:08.097Z,dwellir,91405567518,71065,6495736655666670,61405567518,123576000000,123576000000,246387135036,13145715095666670,17509501751333340,1254,""
2026-02-22T19:36:06.440Z,quicknode,88682950889,71065,6302253904926785,58193580012,120236000000,120236000000,236623160024,12680098103552780,16815624867105560,292,""
2026-02-22T19:36:07.197Z,alchemy,88682950889,71065,6302253904926785,58682950889,120236000000,120236000000,237601901778,12714875244926785,16885179149853570,755,""
2026-02-22T19:36:09.033Z,dwellir,89176450182,71065,6337324432183830,59176450182,120236000000,120236000000,238588900364,12749945772183830,16955320204367660,1834,""
2026-02-22T19:46:06.456Z,quicknode,88061861960,71065,6258116220187400,57987756302,153560000000,153560000000,269535512604,15033641301601630,19154541203203260,278,""
2026-02-22T19:46:06.957Z,alchemy,87987756302,71065,6252849901601630,57987756302,153560000000,153560000000,269535512604,15033641301601630,19154541203203260,498,""
2026-02-22T19:46:08.010Z,dwellir,87987756302,71065,6252849901601630,57987756302,153560000000,153560000000,269535512604,15033641301601630,19154541203203260,1052,""
2026-02-22T19:56:06.419Z,quicknode,87871057059,71065,6244556669897835,57976189750,168000000000,168000000000,283952379500,16058997924583750,20179075849167500,235,""
2026-02-22T19:56:06.782Z,alchemy,87976189750,71065,6252027924583750,57976189750,168000000000,168000000000,283952379500,16058997924583750,20179075849167500,360,""
2026-02-22T19:56:07.877Z,dwellir,87976189750,71065,6252027924583750,57976189750,168000000000,168000000000,283952379500,16058997924583750,20179075849167500,1094,""
2026-02-22T20:06:06.452Z,quicknode,244111993386,71065,17347818809976090,72701674898,688000000000,688000000000,833403349796,54059264526626370,59225809053252740,257,""
2026-02-22T20:06:07.282Z,alchemy,242701674898,71065,17247594526626370,72701674898,688000000000,688000000000,833403349796,54059264526626370,59225809053252740,826,""
2026-02-22T20:06:08.442Z,dwellir,242701674898,71065,17247594526626370,72701674898,688000000000,688000000000,833403349796,54059264526626370,59225809053252740,1159,""
2026-02-22T20:16:06.534Z,quicknode,102388892782,71065,7276266665552830,74958829653,120000000000,120000000000,269917659306,13854749229290445,19181698458580890,309,""
2026-02-22T20:16:06.898Z,alchemy,102687438848,71065,7297482841733120,74958829653,120000000000,120000000000,269917659306,13854749229290445,19181698458580890,360,""
2026-02-22T20:16:08.028Z,dwellir,102687438848,71065,7297482841733120,74958829653,120000000000,120000000000,269917659306,13854749229290445,19181698458580890,1130,""
2026-02-22T20:26:06.494Z,quicknode,113213926019,71065,8045547652540235,83711327637,136876000000,136876000000,304298655274,15676038438523405,21624983937046810,285,""
2026-02-22T20:26:07.193Z,alchemy,113134355118,71065,8039892946460670,83711327637,136876000000,136876000000,304298655274,15676038438523405,21624983937046810,695,""
2026-02-22T20:26:08.342Z,dwellir,113134355118,71065,8039892946460670,83711327637,123448000000,123448000000,290870655274,14721777618523405,20670723117046810,1148,""
2026-02-22T20:36:06.590Z,quicknode,114787583869,71065,8157379647650485,85294374492,120000000000,120000000000,290588748984,14589244723273980,20650689446547960,353,""
2026-02-22T20:36:06.928Z,alchemy,114906648921,71065,8165841005570865,85294374492,120000000000,120000000000,290588748984,14589244723273980,20650689446547960,335,""
2026-02-22T20:36:08.103Z,dwellir,114906648921,71065,8165841005570865,85294374492,120000000000,120000000000,290588748984,14589244723273980,20650689446547960,1174,""
2026-02-22T20:46:06.499Z,quicknode,152501893094,71065,10837547032725110,105792312141,414444000000,414444000000,626028624282,36970593522300165,44488724184600330,263,""
2026-02-22T20:46:07.200Z,alchemy,135792312141,71065,9650080662300165,105792312141,414444000000,414444000000,626028624282,36970593522300165,44488724184600330,698,""
2026-02-22T20:46:08.381Z,dwellir,135792312141,71065,9650080662300165,105792312141,414444000000,414444000000,626028624282,36970593522300165,44488724184600330,1179,""
2026-02-22T20:56:06.537Z,quicknode,146090314047,71065,10381908167750055,117065524417,144000000000,144000000000,378131048834,18552621492694105,26871882985388210,273,""
2026-02-22T20:56:07.250Z,alchemy,147065524417,71065,10451211492694105,117065524417,144000000000,144000000000,378131048834,18552621492694105,26871882985388210,711,""
2026-02-22T20:56:08.404Z,dwellir,147065524417,71065,10451211492694105,117065524417,140000000000,140000000000,374131048834,18268361492694105,26587622985388210,1154,""
2026-02-22T21:06:06.598Z,quicknode,102939237182,71065,7315376890338830,73480486031,120000000000,120000000000,266960972062,13749690739793015,18971581479586030,320,""
2026-02-22T21:06:06.972Z,alchemy,103228155166,71065,7335908846871790,73480486031,120000000000,120000000000,266960972062,13749690739793015,18971581479586030,370,""
2026-02-22T21:06:08.185Z,dwellir,103228155166,71065,7335908846871790,73480486031,120000000000,120000000000,266960972062,13749690739793015,18971581479586030,1212,""
2026-02-22T21:16:06.577Z,quicknode,70178299304,71065,4987220840038760,41924628877,120000000000,120000000000,203849257754,11507173751144005,14486547502288010,263,""
2026-02-22T21:16:07.057Z,alchemy,70149039103,71065,4985141463854695,41924628877,120000000000,120000000000,203849257754,11507173751144005,14486547502288010,477,""
2026-02-22T21:16:08.345Z,dwellir,70149039103,71065,4985141463854695,41924628877,120000000000,120000000000,203849257754,11507173751144005,14486547502288010,1287,""
2026-02-22T21:26:06.553Z,quicknode,60327414208,71065,4287167690691520,30497268140,120000000000,120000000000,180994536280,10695088360369100,12862376720738200,262,""
2026-02-22T21:26:07.388Z,alchemy,60497268140,71065,4299238360369100,30497268140,120000000000,120000000000,180994536280,10695088360369100,12862376720738200,831,""
2026-02-22T21:26:08.552Z,dwellir,60497268140,71065,4299238360369100,30577223860,120000000000,120000000000,181154447720,10700770413610900,12873740827221800,1163,""
2026-02-22T21:36:06.609Z,quicknode,92935315595,71065,6604448202758675,63464505402,123800000000,123800000000,250729010804,13307952076393130,17818057152786260,296,""
2026-02-22T21:36:07.052Z,alchemy,93464505402,71065,6642055076393130,63464505402,123800000000,123800000000,250729010804,13307952076393130,17818057152786260,438,""
2026-02-22T21:36:08.154Z,dwellir,93464505402,71065,6642055076393130,63464505402,123800000000,123800000000,250729010804,13307952076393130,17818057152786260,1102,""
2026-02-22T21:46:06.593Z,quicknode,98846923756,71065,7024556636720140,58805309504,196208000000,196208000000,313818619008,18122520839901760,22301520159803520,267,""
2026-02-22T21:46:06.888Z,alchemy,98805309504,71065,7021599319901760,58805309504,196208000000,196208000000,313818619008,18122520839901760,22301520159803520,291,""
2026-02-22T21:46:07.976Z,dwellir,98805309504,71065,7021599319901760,58805309504,196208000000,196208000000,313818619008,18122520839901760,22301520159803520,1088,""
2026-02-22T21:56:06.665Z,quicknode,143609213289,71065,10205588742382785,114554079835,184000000000,184000000000,413108159670,21216745683474275,29357531366948550,325,""
2026-02-22T21:56:07.049Z,alchemy,144554079835,71065,10272735683474275,114554079835,184000000000,184000000000,413108159670,21216745683474275,29357531366948550,381,""
2026-02-22T21:56:08.204Z,dwellir,144554079835,71065,10272735683474275,114554079835,184000000000,184000000000,413108159670,21216745683474275,29357531366948550,1155,""
2026-02-22T22:06:06.585Z,quicknode,131307843204,71065,9331391877292260,100888271219,134156000000,134156000000,335932542438,16703421134178235,23873046128356470,254,""
2026-02-22T22:06:07.052Z,alchemy,130888271219,71065,9301574994178235,100888271219,134156000000,134156000000,335932542438,16703421134178235,23873046128356470,465,""
2026-02-22T22:06:08.192Z,dwellir,130888271219,71065,9301574994178235,100888271219,134156000000,134156000000,335932542438,16703421134178235,23873046128356470,1139,""
2026-02-22T22:16:06.606Z,quicknode,152551385499,71065,10841064210486435,111517294092,238616000000,238616000000,461650588184,24882222544647980,32807199049295960,274,""
2026-02-22T22:16:06.892Z,alchemy,151233912868,71065,10747438017964420,111517294092,238616000000,238616000000,461650588184,24882222544647980,32807199049295960,283,""
2026-02-22T22:16:08.111Z,dwellir,151233912868,71065,10747438017964420,111517294092,238616000000,238616000000,461650588184,24882222544647980,32807199049295960,1217,""
2026-02-22T22:26:06.570Z,quicknode,116710790562,71065,8294052331288530,87438483834,120000000000,120000000000,294876967668,14741615853663210,20955431707326420,273,""
2026-02-22T22:26:06.964Z,alchemy,117438483834,71065,8345765853663210,87438483834,120000000000,120000000000,294876967668,14741615853663210,20955431707326420,386,""
2026-02-22T22:26:08.126Z,dwellir,117438483834,71065,8345765853663210,87438483834,120000000000,120000000000,294876967668,14741615853663210,20955431707326420,1161,""
2026-02-22T22:36:06.575Z,quicknode,166954610723,71065,11864629411029995,137064027865,376520000000,376520000000,650648055730,36497848940226225,46238304080452450,266,""
2026-02-22T22:36:06.996Z,alchemy,167064027865,71065,11872405140226225,137064027865,376520000000,376520000000,650648055730,36497848940226225,46238304080452450,417,""
2026-02-22T22:36:08.108Z,dwellir,167064027865,71065,11872405140226225,137064027865,376520000000,376520000000,650648055730,36497848940226225,46238304080452450,1112,""
2026-02-22T22:46:06.557Z,quicknode,115545046547,71065,8211208732862555,85190114103,125812000000,125812000000,296192228206,14994865238729695,21048900697459390,259,""
2026-02-22T22:46:06.914Z,alchemy,115190114103,71065,8185985458729695,85190114103,125812000000,125812000000,296192228206,14994865238729695,21048900697459390,355,""
2026-02-22T22:46:08.108Z,dwellir,115190114103,71065,8185985458729695,85190114103,125812000000,125812000000,296192228206,14994865238729695,21048900697459390,1194,""
2026-02-22T22:56:06.582Z,quicknode,127652579483,71065,9071630560959395,97450546992,120000000000,120000000000,314901093984,15453123121986480,22378446243972960,260,""
2026-02-22T22:56:07.294Z,alchemy,127450546992,71065,9057273121986480,97450546992,120000000000,120000000000,314901093984,15453123121986480,22378446243972960,709,""
2026-02-22T22:56:08.444Z,dwellir,127450546992,71065,9057273121986480,97043061903,120000000000,120000000000,314086123806,15424165194136695,22320530388273390,1150,""
2026-02-22T23:06:06.596Z,quicknode,138451686444,71065,9839069097142860,109160508061,120000000000,120000000000,338321016122,16285291505354965,24042783010709930,261,""
2026-02-22T23:06:07.440Z,alchemy,139160508061,71065,9889441505354965,109160508061,120000000000,120000000000,338321016122,16285291505354965,24042783010709930,840,""
2026-02-22T23:06:08.562Z,dwellir,139160508061,71065,9889441505354965,108952371402,120000000000,120000000000,337904742804,16270500273683130,24013200547366260,1121,""
2026-02-22T23:16:06.557Z,quicknode,,,,,,,,,,188,"Execution reverted with reason: ERC20: transfer amount exceeds balance.  Estimate Gas Arguments:   from:  0x2F1339db75E1Dc0cF133D61538EdE7964647ccf0   to:    0x2791Bca1f2de4661ED88A30C99A7a9449Aa84174   data:  0xa9059cbb000000000000000000000000ae01fcdc75bc7fec8a62f5b3dc3cffe5acd2f52b00000000000000000000000000000000000000000000000000000000000f4240  Details: execution reverted: ERC20: transfer amount exceeds balance Version: viem@2.46.2"
2026-02-22T23:16:07.093Z,alchemy,,,,,,,,,,532,"Execution reverted with reason: ERC20: transfer amount exceeds balance.  Estimate Gas Arguments:   from:  0x2F1339db75E1Dc0cF133D61538EdE7964647ccf0   to:    0x2791Bca1f2de4661ED88A30C99A7a9449Aa84174   data:  0xa9059cbb000000000000000000000000ae01fcdc75bc7fec8a62f5b3dc3cffe5acd2f52b00000000000000000000000000000000000000000000000000000000000f4240  Details: execution reverted: ERC20: transfer amount exceeds balance Version: viem@2.46.2"
2026-02-22T23:16:07.963Z,dwellir,,,,,,,,,,869,"Execution reverted with reason: ERC20: transfer amount exceeds balance.  Estimate Gas Arguments:   from:  0x2F1339db75E1Dc0cF133D61538EdE7964647ccf0   to:    0x2791Bca1f2de4661ED88A30C99A7a9449Aa84174   data:  0xa9059cbb000000000000000000000000ae01fcdc75bc7fec8a62f5b3dc3cffe5acd2f52b00000000000000000000000000000000000000000000000000000000000f4240  Details: execution reverted: ERC20: transfer amount exceeds balance Version: viem@2.46.2"
2026-02-22T23:26:06.648Z,quicknode,142637402685,71065,10136527021809525,113616452672,196000000000,196000000000,423232905344,22002893209135680,30077046418271360,269,""
2026-02-22T23:26:07.376Z,alchemy,143103118738,71065,10169623133115970,113616452672,196000000000,196000000000,423232905344,22002893209135680,30077046418271360,725,""
2026-02-22T23:26:08.463Z,dwellir,143103118738,71065,10169623133115970,113531217808,196000000000,196000000000,423062435616,21996835993525520,30064931987051040,1086,""
2026-02-22T23:36:06.756Z,quicknode,130936289208,71065,9304987392566520,100783549830,120000000000,120000000000,321567099660,15689982968668950,22852165937337900,331,""
2026-02-22T23:36:07.125Z,alchemy,130673428051,71065,9286307164444315,100783549830,120000000000,120000000000,321567099660,15689982968668950,22852165937337900,363,""
2026-02-22T23:36:08.266Z,dwellir,130673428051,71065,9286307164444315,100783549830,120000000000,120000000000,321567099660,15689982968668950,22852165937337900,1141,""
2026-02-22T23:46:06.777Z,quicknode,123534178869,71065,8778956421325485,77576508890,202432000000,202432000000,357585017780,19898804684267850,25411779288535700,332,""
2026-02-22T23:46:07.533Z,alchemy,124181390055,71065,8824950484258575,77576508890,202432000000,202432000000,357585017780,19898804684267850,25411779288535700,753,""
2026-02-22T23:46:09.008Z,dwellir,122796278119,71065,8726517504526735,78228747194,186419524660,186419524660,342877019048,18807229439304510,24366555358646120,1474,""
2026-02-22T23:56:06.821Z,quicknode,143806319155,71065,10219596070750075,113921215263,140000000000,140000000000,367842430526,18044911162665095,26140722325330190,353,""
2026-02-22T23:56:07.158Z,alchemy,143921215263,71065,10227761162665095,113921215263,140000000000,140000000000,367842430526,18044911162665095,26140722325330190,332,""
2026-02-22T23:56:08.315Z,dwellir,143921215263,71065,10227761162665095,113921215263,140000000000,140000000000,367842430526,18044911162665095,26140722325330190,1157,""
2026-02-23T00:06:06.732Z,quicknode,153134761731,71065,10882521842413515,125494320682,120000000000,120000000000,370988641364,17446053899266330,26364307798532660,267,""
2026-02-23T00:06:07.052Z,alchemy,152387746345,71065,10829435194007425,125494320682,120000000000,120000000000,370988641364,17446053899266330,26364307798532660,315,""
2026-02-23T00:06:08.247Z,dwellir,152387746345,71065,10829435194007425,125494320682,120000000000,120000000000,370988641364,17446053899266330,26364307798532660,1195,""
2026-02-23T00:16:06.751Z,quicknode,126065373117,71065,8958835740559605,99022968851,136496000000,136496000000,334541937702,16737155521396315,23774222802792630,272,""
2026-02-23T00:16:07.074Z,alchemy,127096460494,71065,9032109965006110,99022968851,136496000000,136496000000,334541937702,16737155521396315,23774222802792630,320,""
2026-02-23T00:16:08.157Z,dwellir,127096460494,71065,9032109965006110,99022968851,136496000000,136496000000,334541937702,16737155521396315,23774222802792630,1083,""
2026-02-23T00:26:06.755Z,quicknode,110170285169,71065,7829251315534985,81352700729,120000000000,120000000000,282705401458,14309129677306385,20090459354612770,260,""
2026-02-23T00:26:07.453Z,alchemy,110863023429,71065,7878480759981885,81352700729,120000000000,120000000000,282705401458,14309129677306385,20090459354612770,695,""
2026-02-23T00:26:08.589Z,dwellir,110863023429,71065,7878480759981885,81636199941,120000000000,120000000000,283272399882,14329276548807165,20130753097614330,1135,""
2026-02-23T00:36:06.726Z,quicknode,150417239353,71065,10689401114620945,122513533419,124892000000,124892000000,369919066838,17581874232421235,26288298484842470,223,""
2026-02-23T00:36:07.080Z,alchemy,151015077183,71065,10731886460009895,122513533419,124892000000,124892000000,369919066838,17581874232421235,26288298484842470,349,""
2026-02-23T00:36:08.203Z,dwellir,151015077183,71065,10731886460009895,122513533419,124892000000,124892000000,369919066838,17581874232421235,26288298484842470,1123,""
2026-02-23T00:46:06.762Z,quicknode,321483418422,71065,22846219130159430,118243200365,746485439388,746485439388,982971840118,61451940784046945,69854893817985670,245,""
2026-02-23T00:46:07.291Z,alchemy,321483418422,71065,22846219130159430,118243200365,746485439388,746485439388,982971840118,61451940784046945,69854893817985670,525,""
2026-02-23T00:46:08.404Z,dwellir,321483418422,71065,22846219130159430,118243200365,746485439388,746485439388,982971840118,61451940784046945,69854893817985670,1113,""
2026-02-23T00:56:06.814Z,quicknode,131169337555,71065,9321548973346075,102338369919,120000000000,120000000000,324676739838,15800476258293735,23073152516587470,279,""
2026-02-23T00:56:07.645Z,alchemy,130717868259,71065,9289465307825835,102338369919,120000000000,120000000000,324676739838,15800476258293735,23073152516587470,826,""
2026-02-23T00:56:08.982Z,dwellir,130048294894,71065,9241882076642110,101668796554,120000000000,120000000000,323337593108,15752893027110010,22977986054220020,1337,""
2026-02-23T01:06:06.806Z,quicknode,58148121092,71065,4132296225402980,31910246625,79205118921,79205118921,143025612171,7896413452526490,10164115128932115,258,""
2026-02-23T01:06:07.182Z,alchemy,57910246625,71065,4115391676405625,31910246625,79205118921,79205118921,143025612171,7896413452526490,10164115128932115,371,""
2026-02-23T01:06:08.084Z,dwellir,57910246625,71065,4115391676405625,31910246625,79205118921,79205118921,143025612171,7896413452526490,10164115128932115,902,""
2026-02-23T01:16:06.900Z,quicknode,38935240811,71065,2766932888233715,12831262217,33926024422,33926024422,59588548856,3322806575000535,4234660224451640,339,""
2026-02-23T01:16:07.374Z,alchemy,38831362420,71065,2759550770377300,12831262217,33926024422,33926024422,59588548856,3322806575000535,4234660224451640,470,""
2026-02-23T01:16:08.548Z,dwellir,38861979085,71065,2761726543675525,12861878882,51000000000,51000000000,76723757764,4538344422749330,5452373845498660,1173,""
2026-02-23T01:26:06.866Z,quicknode,75916570342,71065,5395011071354230,14656946090,169615258239,169615258239,198929150419,13095304200640385,14136900074526235,289,""
2026-02-23T01:26:07.244Z,alchemy,74656946090,71065,5305495873885850,14656946090,169615258239,169615258239,198929150419,13095304200640385,14136900074526235,374,""
2026-02-23T01:26:08.420Z,dwellir,74656946090,71065,5305495873885850,14656946090,1500000000000,1500000000000,1529313892180,107639095873885850,108680691747771700,1174,""
2026-02-23T01:36:06.833Z,quicknode,40979600984,71065,2912215343927960,14790956276,78427656351,78427656351,108009568903,6624580706337755,7675700014091695,248,""
2026-02-23T01:36:07.570Z,alchemy,40933508393,71065,2908939773948545,14790956276,78427656351,78427656351,108009568903,6624580706337755,7675700014091695,732,""
2026-02-23T01:36:09.029Z,dwellir,40867062054,71065,2904217764867510,14724509937,78427656351,78427656351,107876676225,6619858697256720,7666255995929625,1459,""
2026-02-23T01:46:06.868Z,quicknode,58804114404,71065,4178914390120260,14297497509,178178326176,178178326176,206773321194,13678294410174525,14694346070651610,269,""
2026-02-23T01:46:07.221Z,alchemy,58842079053,71065,4181612347901445,14297497509,178178326176,178178326176,206773321194,13678294410174525,14694346070651610,348,""
2026-02-23T01:46:08.372Z,dwellir,58842079053,71065,4181612347901445,14297497509,178178326176,178178326176,206773321194,13678294410174525,14694346070651610,1150,""
2026-02-23T01:56:06.842Z,quicknode,48580289829,71065,3452358296697885,22874718614,78000000000,78000000000,123749437228,7168661878303910,8794253756607820,273,""
2026-02-23T01:56:07.178Z,alchemy,48770574093,71065,3465880847919045,22874718614,78000000000,78000000000,123749437228,7168661878303910,8794253756607820,331,""
2026-02-23T01:56:08.711Z,dwellir,48770574093,71065,3465880847919045,22874718614,78000000000,78000000000,123749437228,7168661878303910,8794253756607820,1533,""
2026-02-23T02:06:06.821Z,quicknode,54219256284,71065,3853091447822460,28288322843,81000000000,81000000000,137576645686,7766574662837795,9776884325675590,261,""
2026-02-23T02:06:07.616Z,alchemy,54312058470,71065,3859686435170550,28288322843,81000000000,81000000000,137576645686,7766574662837795,9776884325675590,792,""
2026-02-23T02:06:09.079Z,dwellir,54478653843,71065,3871525535352795,28457841851,81000000000,81000000000,137915683702,7778621531141315,9800978062282630,1463,""
2026-02-23T02:16:06.886Z,quicknode,47340598611,71065,3364259640290715,21743764516,78000000000,78000000000,121487529032,7088290625329540,8633511250659080,267,""
2026-02-23T02:16:07.704Z,alchemy,47352242512,71065,3365087114115280,21743764516,78000000000,78000000000,121487529032,7088290625329540,8633511250659080,815,""
2026-02-23T02:16:08.840Z,dwellir,47399624452,71065,3368454311681380,21791146456,78000000000,78000000000,121582292912,7091657822895640,8640245645791280,1135,""
2026-02-23T02:26:06.894Z,quicknode,42186035442,71065,2997950608685730,14551127695,82820036322,82820036322,111922291712,6919681770868105,7953757660513280,260,""
2026-02-23T02:26:07.320Z,alchemy,42184847084,71065,2997866158024460,14551127695,82820036322,82820036322,111922291712,6919681770868105,7953757660513280,421,""
2026-02-23T02:26:08.498Z,dwellir,42184847084,71065,2997866158024460,14573017548,82901158167,82901158167,112047193263,6927002297186475,7962633789235095,1176,""
2026-02-23T02:36:06.897Z,quicknode,34305565670,71065,2437925024338550,7760892614,88395000000,88395000000,103916785228,6833318508613910,7384846342227820,268,""
2026-02-23T02:36:07.283Z,alchemy,34278792247,71065,2436022371033055,7760892614,88395000000,88395000000,103916785228,6833318508613910,7384846342227820,382,""
2026-02-23T02:36:08.398Z,dwellir,34278792247,71065,2436022371033055,7770466010,96709632316,96709632316,112250564336,7424878187537190,7977086354537840,1114,""
2026-02-23T02:46:06.970Z,quicknode,30874938358,71065,2194127494411270,4377248220,81000000000,81000000000,89754496440,6067334144754300,6378403289508600,315,""
2026-02-23T02:46:07.248Z,alchemy,30849782806,71065,2192339815108390,4377248220,81000000000,81000000000,89754496440,6067334144754300,6378403289508600,274,""
2026-02-23T02:46:08.349Z,dwellir,30849782806,71065,2192339815108390,4377248220,81000000000,81000000000,89754496440,6067334144754300,6378403289508600,1100,""
2026-02-23T02:56:06.946Z,quicknode,31465875358,71065,2236122432316270,3727934933,87000000000,87000000000,94455869866,6447580696013645,6712506392027290,282,""
2026-02-23T02:56:07.737Z,alchemy,31482887979,71065,2237331434227635,3727934933,87000000000,87000000000,94455869866,6447580696013645,6712506392027290,787,""
2026-02-23T02:56:09.172Z,dwellir,31472566404,71065,2236597931500260,3717613358,87000000000,87000000000,94435226716,6446847193286270,6711039386572540,1434,""
2026-02-23T03:06:06.987Z,quicknode,37164564573,71065,2641099781380245,7224550374,296732000000,296732000000,311181100748,21600672252328310,22114084924656620,314,""
2026-02-23T03:06:07.273Z,alchemy,37224550374,71065,2645362672328310,7224550374,296732000000,296732000000,311181100748,21600672252328310,22114084924656620,280,""
2026-02-23T03:06:08.458Z,dwellir,37224550374,71065,2645362672328310,7224550374,296732000000,296732000000,311181100748,21600672252328310,22114084924656620,1184,""
2026-02-23T03:16:06.947Z,quicknode,47966232467,71065,3408720310267355,18117324527,247904000000,247904000000,284138649054,18904805427511255,20192313095022510,276,""
2026-02-23T03:16:07.288Z,alchemy,48117324527,71065,3419457667511255,18117324527,247904000000,247904000000,284138649054,18904805427511255,20192313095022510,336,""
2026-02-23T03:16:08.552Z,dwellir,48117324527,71065,3419457667511255,18269700204,190232000000,190232000000,226771400408,14817173324997260,16115509569994520,1264,""
2026-02-23T03:26:06.963Z,quicknode,53550494758,71065,3805565909977270,23520401642,120916000000,120916000000,167956803284,10264372882688730,11935850225377460,278,""
2026-02-23T03:26:07.292Z,alchemy,53520401642,71065,3803427342688730,23520401642,120916000000,120916000000,167956803284,10264372882688730,11935850225377460,325,""
2026-02-23T03:26:08.464Z,dwellir,53520401642,71065,3803427342688730,23520401642,120000000000,120000000000,167040803284,10199277342688730,11870754685377460,1171,""
2026-02-23T03:36:06.966Z,quicknode,70246482676,71065,4992066291369940,40376835164,148000000000,148000000000,228753670328,13386999790929660,16256379581859320,291,""
2026-02-23T03:36:07.315Z,alchemy,70303369332,71065,4996108941578580,40376835164,148000000000,148000000000,228753670328,13386999790929660,16256379581859320,344,""
2026-02-23T03:36:08.398Z,dwellir,70303369332,71065,4996108941578580,40376835164,148000000000,148000000000,228753670328,13386999790929660,16256379581859320,1082,""
2026-02-23T03:46:06.979Z,quicknode,68731367761,71065,4884394649935465,38703110462,175500000000,175500000000,252906220924,15222344044982030,17972780589964060,297,""
2026-02-23T03:46:07.694Z,alchemy,68703110462,71065,4882386544982030,38703110462,175500000000,175500000000,252906220924,15222344044982030,17972780589964060,710,""
2026-02-23T03:46:08.778Z,dwellir,68661752521,71065,4879447442904865,38661752521,175500000000,175500000000,252823505042,15219404942904865,17966902385809730,1084,""
2026-02-23T03:56:07.055Z,quicknode,72802087337,71065,5173680336603905,43320225659,144372000000,144372000000,231012451318,13338348016456835,16416899852913670,374,""
2026-02-23T03:56:07.339Z,alchemy,73248222104,71065,5205384903820760,43320225659,144372000000,144372000000,231012451318,13338348016456835,16416899852913670,281,""
2026-02-23T03:56:08.487Z,dwellir,73248222104,71065,5205384903820760,43684575177,144372000000,144372000000,231741150354,13364240514953505,16468684849907010,1148,""
2026-02-23T04:06:06.969Z,quicknode,162703916807,71065,11562553847889455,109463399139,520000000000,520000000000,738926798278,44732816459813035,52511832919626070,281,""
2026-02-23T04:06:07.390Z,alchemy,198319912106,71065,14093604553812890,109463399139,520000000000,520000000000,738926798278,44732816459813035,52511832919626070,416,""
2026-02-23T04:06:08.760Z,dwellir,257567616161,71065,18304042642481465,110383716606,480000000000,480000000000,700767433212,41955618820605390,49800037641210780,1370,""
2026-02-23T04:16:06.964Z,quicknode,117894469754,71065,8378170493068010,88633911837,183164000000,183164000000,360431823674,19315318604696405,25614087549392810,282,""
2026-02-23T04:16:07.322Z,alchemy,118633911837,71065,8430718944696405,88633911837,183164000000,183164000000,360431823674,19315318604696405,25614087549392810,354,""
2026-02-23T04:16:08.787Z,dwellir,143693499692,71065,10211578555611980,89379533021,183164000000,183164000000,361923066042,19368306174137365,25720062688274730,1463,""
2026-02-23T04:26:07.034Z,quicknode,212527969369,71065,15103300143207985,93306120567,480000000000,480000000000,666612241134,40741999458093855,47372798916187710,276,""
2026-02-23T04:26:07.330Z,alchemy,213306120567,71065,15158599458093855,93306120567,480000000000,480000000000,666612241134,40741999458093855,47372798916187710,291,""
2026-02-23T04:26:08.436Z,dwellir,213306120567,71065,15158599458093855,93306120567,480000000000,480000000000,666612241134,40741999458093855,47372798916187710,1105,""
2026-02-23T04:36:07.049Z,quicknode,157099035183,71065,11164242935279895,129341827242,120000000000,120000000000,378683654484,17719476952952730,26911153905905460,268,""
2026-02-23T04:36:07.340Z,alchemy,158174318541,71065,11240657947116165,129341827242,120000000000,120000000000,378683654484,17719476952952730,26911153905905460,287,""
2026-02-23T04:36:08.478Z,dwellir,158174318541,71065,11240657947116165,129341827242,120000000000,120000000000,378683654484,17719476952952730,26911153905905460,1138,""
2026-02-23T04:46:07.088Z,quicknode,106287137920,71065,7553295456284800,78274627895,87000000000,87000000000,243549255790,11745241431358175,17307827862716350,299,""
2026-02-23T04:46:07.359Z,alchemy,106275378750,71065,7552459790868750,78274627895,87000000000,87000000000,243549255790,11745241431358175,17307827862716350,268,""
2026-02-23T04:46:08.813Z,dwellir,106006409057,71065,7533345459635705,78005658202,87000000000,87000000000,243011316404,11726127100125130,17269599200250260,1453,""
2026-02-23T04:56:07.072Z,quicknode,83210002235,71065,5913318808830275,53269902499,120000000000,120000000000,226539804998,12313425621091435,16099051242182870,260,""
2026-02-23T04:56:07.893Z,alchemy,83269902499,71065,5917575621091435,53269902499,120000000000,120000000000,226539804998,12313425621091435,16099051242182870,818,""
2026-02-23T04:56:08.956Z,dwellir,83698849827,71065,5948058762955755,53698849827,120000000000,120000000000,227397699654,12343908762955755,16160017525911510,1063,""
2026-02-23T05:06:07.065Z,quicknode,231819660262,71065,16474264156519030,96826359083,494000000000,494000000000,687652718166,41987075208233395,48868040416466790,265,""
2026-02-23T05:06:08.086Z,alchemy,232626359083,71065,16531592208233395,96826359083,494000000000,494000000000,687652718166,41987075208233395,48868040416466790,1016,""
2026-02-23T05:06:09.278Z,dwellir,224642239926,71065,15964200780341190,97517239926,543200000000,543200000000,738234479852,45532570655341190,52462633310682380,1192,""
2026-02-23T05:16:07.099Z,quicknode,122230191255,71065,8686288541536575,95138626957,120000000000,120000000000,310277253914,15288826524699205,22049853049398410,286,""
2026-02-23T05:16:07.862Z,alchemy,123023762290,71065,8742683667138850,95138626957,120000000000,120000000000,310277253914,15288826524699205,22049853049398410,758,""
2026-02-23T05:16:09.049Z,dwellir,123823337352,71065,8799505468919880,95938202019,120000000000,120000000000,311876404038,15345648326480235,22163496652960470,1187,""
2026-02-23T05:26:07.072Z,quicknode,287444112955,71065,20427215887147075,125801882444,689020000000,689020000000,940623764888,57905317075882860,66845427851765720,267,""
2026-02-23T05:26:07.752Z,alchemy,286067345608,71065,20329375915632520,125801882444,689020000000,689020000000,940623764888,57905317075882860,66845427851765720,677,""
2026-02-23T05:26:08.853Z,dwellir,285739376832,71065,20306068814566080,125473913668,879460000000,879460000000,1130407827336,71415628574816420,80332432249632840,1099,""
2026-02-23T05:36:07.121Z,quicknode,106358003267,71065,7558331502169355,76841283914,120000000000,120000000000,273682567828,13988525841348410,19449251682696820,296,""
2026-02-23T05:36:07.430Z,alchemy,106841283914,71065,7592675841348410,76841283914,120000000000,120000000000,273682567828,13988525841348410,19449251682696820,306,""
2026-02-23T05:36:08.507Z,dwellir,106841283914,71065,7592675841348410,76841283914,120000000000,120000000000,273682567828,13988525841348410,19449251682696820,1077,""
2026-02-23T05:46:07.160Z,quicknode,161529097179,71065,11479065291025635,131361120852,214600000000,214600000000,477322241704,24585727053347380,33920905106694760,288,""
2026-02-23T05:46:07.575Z,alchemy,161361120852,71065,11467128053347380,131361120852,214600000000,214600000000,477322241704,24585727053347380,33920905106694760,413,""
2026-02-23T05:46:08.908Z,dwellir,160327441417,71065,11393669624299105,130327441417,186131333006,186131333006,446786215840,22489142804370495,31750862428669600,1332,""
2026-02-23T05:56:07.152Z,quicknode,131768146425,71065,9364103325692625,101624945515,120000000000,120000000000,323249891030,15749776753023475,22971753506046950,276,""
2026-02-23T05:56:08.087Z,alchemy,131624945515,71065,9353926753023475,101624945515,120000000000,120000000000,323249891030,15749776753023475,22971753506046950,932,""
2026-02-23T05:56:09.293Z,dwellir,132479180271,71065,9414632945958615,102479180271,120000000000,120000000000,324958360542,15810482945958615,23093165891917230,1205,""
2026-02-23T06:06:07.235Z,quicknode,98053449937,71065,6968168419772905,70411203788,120000000000,120000000000,260822407576,13531572197194220,18535344394388440,326,""
2026-02-23T06:06:08.115Z,alchemy,98411504397,71065,6993613559972805,70411203788,120000000000,120000000000,260822407576,13531572197194220,18535344394388440,875,""
2026-02-23T06:06:09.217Z,dwellir,98987350985,71065,7034536097749025,70987050376,120000000000,120000000000,261974100752,13572494734970440,18617189469940880,1099,""
2026-02-23T06:16:07.180Z,quicknode,214725949727,71065,15259499617349255,109146312415,443951732384,443951732384,662244357214,39305912553640935,47062395245412910,267,""
2026-02-23T06:16:08.001Z,alchemy,212225060505,71065,15081773924787825,109146312415,443951732384,443951732384,662244357214,39305912553640935,47062395245412910,807,""
2026-02-23T06:16:09.108Z,dwellir,208751594343,71065,14834932051985295,109532878449,422139791232,422139791232,641205548130,37783318270880265,45567272277858450,1104,""
2026-02-23T06:26:07.261Z,quicknode,122438297220,71065,8701077591939300,94618847755,84616993236,84616993236,273854688746,12737395040025415,19461483455734490,347,""
2026-02-23T06:26:07.602Z,alchemy,122824512167,71065,8728523957147855,94618847755,84616993236,84616993236,273854688746,12737395040025415,19461483455734490,338,""
2026-02-23T06:26:08.888Z,dwellir,122577420063,71065,8710964356777095,94371755651,84616993236,84616993236,273360504538,12719835439654655,19426364254992970,1285,""
2026-02-23T06:36:07.222Z,quicknode,125202547767,71065,8897519057061855,98785642962,87000000000,87000000000,284571285924,13202856717094530,20223058434189060,293,""
2026-02-23T06:36:07.488Z,alchemy,125014251366,71065,8884137773324790,98785642962,87000000000,87000000000,284571285924,13202856717094530,20223058434189060,260,""
2026-02-23T06:36:08.715Z,dwellir,124798549942,71065,8868808951628230,98569941538,87000000000,87000000000,284139883076,13187527895397970,20192400790795940,1226,""
2026-02-23T06:46:07.286Z,quicknode,156672295980,71065,11133916713818700,92951781598,257978791424,257978791424,443882354620,24938881171808430,31544499531070300,338,""
2026-02-23T06:46:07.589Z,alchemy,157446479454,71065,11188934062398510,92951781598,257978791424,257978791424,443882354620,24938881171808430,31544499531070300,299,""
2026-02-23T06:46:08.762Z,dwellir,157446479454,71065,11188934062398510,93306234047,257978791424,257978791424,444591259518,24964070335096615,31594877857646670,1172,""
2026-02-23T06:56:07.221Z,quicknode,155911401556,71065,11079843751577140,127566321803,135964000000,135964000000,391096643606,18727782318930195,27793282977860390,336,""
2026-02-23T06:56:07.622Z,alchemy,156174655890,71065,11098551920822850,127566321803,135964000000,135964000000,391096643606,18727782318930195,27793282977860390,398,""
2026-02-23T06:56:08.846Z,dwellir,156460305385,71065,11118851602185025,127851971298,135964000000,135964000000,391667942596,18748082000292370,27833882340584740,1224,""
2026-02-23T07:06:07.162Z,quicknode,164731290748,71065,11706629177006620,134413100488,203328000000,203328000000,472154200976,24001571306179720,33553638292359440,274,""
2026-02-23T07:06:07.610Z,alchemy,164413100488,71065,11684016986179720,134413100488,203328000000,203328000000,472154200976,24001571306179720,33553638292359440,444,""
2026-02-23T07:06:08.709Z,dwellir,164157791934,71065,11665873483789710,134157791934,190412000000,190412000000,458727583868,23065552263789710,32599475747579420,1098,""
2026-02-23T07:16:07.207Z,quicknode,105017944696,71065,7463100239821240,75758234860,120000000000,120000000000,271516469720,13911558960325900,19295317920651800,317,""
2026-02-23T07:16:07.749Z,alchemy,105017944696,71065,7463100239821240,75758234860,120000000000,120000000000,271516469720,13911558960325900,19295317920651800,539,""
2026-02-23T07:16:08.894Z,dwellir,105654169025,71065,7508313521761625,76394459189,120000000000,120000000000,272788918378,13956772242266285,19385744484532570,1145,""
2026-02-23T07:26:07.181Z,quicknode,130782886422,71065,9294085823579430,98796093349,161792000000,161792000000,359384186698,18518692853846685,25539637227693370,279,""
2026-02-23T07:26:07.589Z,alchemy,128796093349,71065,9152894373846685,98796093349,161792000000,161792000000,359384186698,18518692853846685,25539637227693370,403,""
2026-02-23T07:26:08.790Z,dwellir,129299091509,71065,9188639938087085,99299091509,161792000000,161792000000,360390183018,18554438418087085,25611128356174170,1201,""
2026-02-23T07:36:07.195Z,quicknode,148485221970,71065,10552102299298050,118485221970,149016000000,149016000000,385986443940,19009974339298050,27430126638596100,282,""
2026-02-23T07:36:08.104Z,alchemy,148485221970,71065,10552102299298050,118485221970,149016000000,149016000000,385986443940,19009974339298050,27430126638596100,905,""
2026-02-23T07:36:09.349Z,dwellir,148346245358,71065,10542225926366270,118346245358,121920000000,121920000000,358612490716,17074520726366270,25484796652732540,1243,""
2026-02-23T07:46:07.279Z,quicknode,129352666170,71065,9192447221371050,101120154889,197888000000,197888000000,400128309778,21249014527186785,28435118334373570,305,""
2026-02-23T07:46:08.094Z,alchemy,129959107932,71065,9235544005187580,101120154889,197888000000,197888000000,400128309778,21249014527186785,28435118334373570,808,""
2026-02-23T07:46:09.261Z,dwellir,130128624582,71065,9247590705919830,101289671539,197888000000,197888000000,400467343078,21261061227919035,28459211735838070,1164,""
2026-02-23T07:56:07.258Z,quicknode,106967742734,71065,7601662637391710,77228446202,120000000000,120000000000,274456892404,14016039529345130,19504279058690260,285,""
2026-02-23T07:56:08.008Z,alchemy,107228446202,71065,7620189529345130,77228446202,120000000000,120000000000,274456892404,14016039529345130,19504279058690260,747,""
2026-02-23T07:56:09.137Z,dwellir,107622188106,71065,7648170797752890,77622188106,120000000000,120000000000,275244376212,14044020797752890,19560241595505780,1127,""
2026-02-23T08:06:07.235Z,quicknode,214298967943,71065,15229156156869295,186667185968,232000000000,232000000000,605334371936,29752583570815920,43018087141631840,250,""
2026-02-23T08:06:07.998Z,alchemy,214943695918,71065,15274973750412670,186667185968,232000000000,232000000000,605334371936,29752583570815920,43018087141631840,760,""
2026-02-23T08:06:09.181Z,dwellir,214943695918,71065,15274973750412670,186103260797,208000000000,208000000000,580206521594,28006948228538805,41232376457077610,1183,""
2026-02-23T08:16:07.258Z,quicknode,156422761160,71065,11116183521835400,126422761160,120000000000,120000000000,372845522320,17512033521835400,26496267043670800,251,""
2026-02-23T08:16:07.719Z,alchemy,156422761160,71065,11116183521835400,126422761160,120000000000,120000000000,372845522320,17512033521835400,26496267043670800,457,""
2026-02-23T08:16:08.884Z,dwellir,155983952757,71065,11084999602676205,125983952757,120000000000,120000000000,371967905514,17480849602676205,26433899205352410,1163,""
2026-02-23T08:26:07.318Z,quicknode,88796789607,71065,6310343853421455,58657121232,120000000000,120000000000,237314242464,12696268320352080,16864736640704160,292,""
2026-02-23T08:26:08.058Z,alchemy,88657121232,71065,6300418320352080,58657121232,120000000000,120000000000,237314242464,12696268320352080,16864736640704160,733,""
2026-02-23T08:26:09.299Z,dwellir,89075776682,71065,6330170069906330,59075776682,120000000000,120000000000,238151553364,12726020069906330,16924240139812660,1240,""
2026-02-23T08:36:07.322Z,quicknode,235198321411,71065,16714368711072715,85723427777,600000000000,600000000000,771446855554,48730935394972505,54822870789945010,272,""
2026-02-23T08:36:08.082Z,alchemy,235723427777,71065,16751685394972505,85723427777,600000000000,600000000000,771446855554,48730935394972505,54822870789945010,755,""
2026-02-23T08:36:09.261Z,dwellir,188241743019,71065,13377399467645235,85400438328,600000000000,600000000000,770800876656,48707982149779320,54776964299558640,1178,""
2026-02-23T08:46:07.347Z,quicknode,136233723712,71065,9681449575593280,108608475602,120000000000,120000000000,337216951204,16246061318656130,23964322637312260,280,""
2026-02-23T08:46:07.737Z,alchemy,137166215222,71065,9747717084751430,108608475602,120000000000,120000000000,337216951204,16246061318656130,23964322637312260,388,""
2026-02-23T08:46:08.910Z,dwellir,138206146342,71065,9821619789794230,109522111370,120000000000,120000000000,339044222740,16310988844509050,24094177689018100,1171,""
2026-02-23T08:56:07.360Z,quicknode,120212696892,71065,8542915304629980,91109159420,85577442447,85577442447,267795761287,12556233361678355,19030905775860655,278,""
2026-02-23T08:56:07.740Z,alchemy,119936839921,71065,8523311528985865,91109159420,85577442447,85577442447,267795761287,12556233361678355,19030905775860655,377,""
2026-02-23T08:56:08.874Z,dwellir,120238694361,71065,8544762814764465,91151363862,86190374355,86190374355,268493102079,12602790626391105,19080462299244135,1133,""
2026-02-23T09:06:07.372Z,quicknode,86169825214,71065,6123658628832910,56554454820,173876000000,173876000000,286984909640,16375540271783300,20394582603566600,279,""
2026-02-23T09:06:08.056Z,alchemy,86169825214,71065,6123658628832910,56554454820,173876000000,173876000000,286984909640,16375540271783300,20394582603566600,679,""
2026-02-23T09:06:09.174Z,dwellir,86211689813,71065,6126633736560845,56682019684,173876000000,173876000000,287240039368,16384605668843460,20412713397686920,1118,""
2026-02-23T09:16:07.385Z,quicknode,274597327950,71065,19514259110766750,118597327950,624000000000,624000000000,861194655900,52772679110766750,61200798221533500,272,""
2026-02-23T09:16:07.910Z,alchemy,274597327950,71065,19514259110766750,118597327950,624000000000,624000000000,861194655900,52772679110766750,61200798221533500,520,""
2026-02-23T09:16:09.208Z,dwellir,275594493607,71065,19585122688181455,119594493607,624000000000,624000000000,863188987214,52843542688181455,61342525376362910,1298,""
2026-02-23T09:26:07.418Z,quicknode,148658561604,71065,10564420680388260,119269909261,120000000000,120000000000,358539818522,17003716101632965,25479632203265930,289,""
2026-02-23T09:26:08.269Z,alchemy,148606666213,71065,10560732734426845,119269909261,120000000000,120000000000,358539818522,17003716101632965,25479632203265930,844,""
2026-02-23T09:26:09.464Z,dwellir,148805026773,71065,10574829227623245,119468269821,120000000000,120000000000,358936539642,17017812594829365,25507825189658730,1193,""
2026-02-23T09:36:07.437Z,quicknode,111288543966,71065,7908720376943790,84084671575,87000000000,87000000000,255169343150,12158132185477375,18133609370954750,298,""
2026-02-23T09:36:07.926Z,alchemy,110996773234,71065,7887985689874210,84084671575,87000000000,87000000000,255169343150,12158132185477375,18133609370954750,487,""
2026-02-23T09:36:09.143Z,dwellir,111367543804,71065,7914334500431260,84084671575,87000000000,87000000000,255169343150,12158132185477375,18133609370954750,1216,""
2026-02-23T09:46:07.398Z,quicknode,396737649255,71065,28194161044306575,112163076151,1066385000548,1066385000548,1290711152850,83753519070614435,91724388077285250,253,""
2026-02-23T09:46:07.852Z,alchemy,396737649255,71065,28194161044306575,112163076151,1066385000548,1066385000548,1290711152850,83753519070614435,91724388077285250,450,""
2026-02-23T09:46:08.974Z,dwellir,397681192107,71065,28261213917083955,113106619003,1066385000548,1066385000548,1292598238554,83820571943391815,91858493822840010,1121,""
2026-02-23T09:56:07.395Z,quicknode,184315360238,71065,13098371075313470,157315159832,120000000000,120000000000,434630319664,19707401833461080,30887003666922160,295,""
2026-02-23T09:56:08.129Z,alchemy,184315360238,71065,13098371075313470,157315159832,120000000000,120000000000,434630319664,19707401833461080,30887003666922160,729,""
2026-02-23T09:56:09.176Z,dwellir,184575622486,71065,13116866611967590,157575422080,120000000000,120000000000,435150844160,19725897370115200,30923994740230400,1046,""
2026-02-23T10:06:07.375Z,quicknode,138400081061,71065,9835401760599965,112530877726,84000000000,84000000000,309061755452,13966466825598190,21963473651196380,264,""
2026-02-23T10:06:07.902Z,alchemy,138303788375,71065,9828558720869375,112530877726,84000000000,84000000000,309061755452,13966466825598190,21963473651196380,523,""
2026-02-23T10:06:08.973Z,dwellir,138024571725,71065,9808716189637125,112251661076,84000000000,84000000000,308503322152,13946624294365940,21923788588731880,1070,""
2026-02-23T10:16:07.470Z,quicknode,90770061098,71065,6450574391929370,65102372657,85818000000,85818000000,216022745314,10725156282869705,15351656395739410,362,""
2026-02-23T10:16:07.898Z,alchemy,90770061098,71065,6450574391929370,65102372657,85818000000,85818000000,216022745314,10725156282869705,15351656395739410,425,""
2026-02-23T10:16:09.093Z,dwellir,91175770419,71065,6479406124826235,65480056986,85818000000,85818000000,216778113972,10751996419710090,15405336669420180,1194,""
2026-02-23T10:26:07.440Z,quicknode,146638987643,71065,10420899656849795,116483417231,148000000000,148000000000,380966834462,18795514045521015,27073408091042030,325,""
2026-02-23T10:26:07.774Z,alchemy,146483417231,71065,10409844045521015,116483417231,148000000000,148000000000,380966834462,18795514045521015,27073408091042030,327,""
2026-02-23T10:26:09.047Z,dwellir,146812810863,71065,10433252403979095,116812810863,144000000000,144000000000,377625621726,18534662403979095,26835964807958190,1272,""
2026-02-23T10:36:07.376Z,quicknode,108186198613,71065,7688252204432845,79217300369,87000000000,87000000000,245434600738,11812232450722985,17441809901445970,259,""
2026-02-23T10:36:07.718Z,alchemy,108013300369,71065,7675965190722985,79217300369,87000000000,87000000000,245434600738,11812232450722985,17441809901445970,337,""
2026-02-23T10:36:08.793Z,dwellir,107812837594,71065,7661719303617610,79016837594,87000000000,87000000000,245033675188,11797986563617610,17413318127235220,1074,""
2026-02-23T10:46:07.418Z,quicknode,147737876232,71065,10498992174427080,111448641927,273094272128,273094272128,495991555982,27327542187318575,35247639925860830,290,""
2026-02-23T10:46:08.407Z,alchemy,147737876232,71065,10498992174427080,112182503612,232824000000,232824000000,457189007224,24517887179186780,32490136798373560,972,""
2026-02-23T10:46:09.459Z,dwellir,148471737917,71065,10551144055071605,112182503612,232824000000,232824000000,457189007224,24517887179186780,32490136798373560,1051,""
2026-02-23T10:56:07.472Z,quicknode,117506426072,71065,8350594168806680,91795989095,84000000000,84000000000,267591978190,12492941965036175,19016423930072350,334,""
2026-02-23T10:56:08.594Z,alchemy,117506426072,71065,8350594168806680,91795989095,84000000000,84000000000,267591978190,12492941965036175,19016423930072350,1116,""
2026-02-23T10:56:09.932Z,dwellir,118067492831,71065,8390466378035015,92357055854,84000000000,84000000000,268714111708,12532814174264510,19096168348529020,1337,""
2026-02-23T11:06:07.451Z,quicknode,129876333661,71065,9229661651618965,99972709413,135404000000,135404000000,335349418826,16727045854434845,23831606448869690,282,""
2026-02-23T11:06:08.065Z,alchemy,129972709413,71065,9236510594434845,99972709413,135404000000,135404000000,335349418826,16727045854434845,23831606448869690,610,""
2026-02-23T11:06:09.209Z,dwellir,130813531412,71065,9296263609793780,100813531412,135404000000,135404000000,337031062824,16786798869793780,23951112479587560,1142,""
2026-02-23T11:16:07.434Z,quicknode,143455820717,71065,10194687899253605,113455820717,860596000000,860596000000,1087507641434,69220992639253605,77283730538507210,265,""
2026-02-23T11:16:08.340Z,alchemy,143455820717,71065,10194687899253605,113455820717,860596000000,860596000000,1087507641434,69220992639253605,77283730538507210,903,""
2026-02-23T11:16:09.661Z,dwellir,143182008747,71065,10175229451605555,113182008747,860596000000,860596000000,1086960017494,69201534191605555,77244813643211110,1321,""
2026-02-23T11:26:07.457Z,quicknode,125890655332,71065,8946419421168580,100067230955,120000000000,120000000000,320134461910,15639077767817075,22750355535634150,274,""
2026-02-23T11:26:08.332Z,alchemy,125890655332,71065,8946419421168580,100608488453,120000000000,120000000000,321216976906,15677542231912445,22827284463824890,870,""
2026-02-23T11:26:09.516Z,dwellir,126431912830,71065,8984883885263950,100608488453,120000000000,120000000000,321216976906,15677542231912445,22827284463824890,1184,""
2026-02-23T11:36:07.500Z,quicknode,126630161369,71065,8998972417687985,96782612868,182160000000,182160000000,375725225736,19823056783464420,26700913166928840,292,""
2026-02-23T11:36:08.259Z,alchemy,126782612868,71065,9009806383464420,96782612868,181148000000,181148000000,374713225736,19751139003464420,26628995386928840,755,""
2026-02-23T11:36:09.376Z,dwellir,126948677211,71065,9021607745999715,96948677211,181148000000,181148000000,375045354422,19762940365999715,26652598111999430,1117,""
2026-02-23T11:46:07.527Z,quicknode,126131359541,71065,8963525065781165,99777817096,88818000000,88818000000,288373634192,13402561741927240,20493272313854480,300,""
2026-02-23T11:46:07.926Z,alchemy,126266897330,71065,8973157058756450,99777817096,88818000000,88818000000,288373634192,13402561741927240,20493272313854480,394,""
2026-02-23T11:46:09.088Z,dwellir,125804903350,71065,8940325456567750,99315823116,88818000000,88818000000,287449646232,13369730139738540,20427609109477080,1162,""
2026-02-23T11:56:07.492Z,quicknode,108000270550,71065,7675039226635750,80084050373,87000000000,87000000000,247168100746,11873828039757245,17565001079514490,274,""
2026-02-23T11:56:08.387Z,alchemy,107595585397,71065,7646280276237805,79846356678,87000000000,87000000000,246692713356,11856936337322070,17531217674644140,889,""
2026-02-23T11:56:09.762Z,dwellir,107446965644,71065,7635718613490860,79846356678,87000000000,87000000000,246692713356,11856936337322070,17531217674644140,1374,""
2026-02-23T12:06:07.512Z,quicknode,263374098885,71065,18716680337262525,105374098885,632000000000,632000000000,842748197770,52401490337262525,59889900674525050,277,""
2026-02-23T12:06:08.005Z,alchemy,263374098885,71065,18716680337262525,105374098885,632000000000,632000000000,842748197770,52401490337262525,59889900674525050,490,""
2026-02-23T12:06:09.102Z,dwellir,263223310149,71065,18705964535738685,105223310149,632000000000,632000000000,842446620298,52390774535738685,59868469071477370,1096,""
2026-02-23T12:16:07.588Z,quicknode,152065504291,71065,10806535062439915,121604896920,120000000000,120000000000,363209793840,17169651999619800,25811503999239600,310,""
2026-02-23T12:16:08.108Z,alchemy,151604896920,71065,10773801999619800,121604896920,120000000000,120000000000,363209793840,17169651999619800,25811503999239600,516,""
2026-02-23T12:16:09.254Z,dwellir,150910479171,71065,10724453202287115,120910479171,120000000000,120000000000,361820958342,17120303202287115,25712806404574230,1145,""
2026-02-23T12:26:07.560Z,quicknode,103023450714,71065,7321361524990410,73152517347,88485155382,88485155382,234790190076,11486781212486385,16685364857750940,285,""
2026-02-23T12:26:08.270Z,alchemy,102647569141,71065,7294649501005165,73152517347,88485155382,88485155382,234790190076,11486781212486385,16685364857750940,706,""
2026-02-23T12:26:09.418Z,dwellir,102230546761,71065,7265013805570465,72735494967,88485155382,88485155382,233956145316,11457145517051685,16626093466881540,1145,""
2026-02-23T12:36:07.594Z,quicknode,92087998287,71065,6544233598265655,62937158740,213788000000,213788000000,339662317480,19665473405858100,24138102591716200,297,""
2026-02-23T12:36:07.911Z,alchemy,92040158740,71065,6540833880858100,62937158740,213788000000,213788000000,339662317480,19665473405858100,24138102591716200,313,""
2026-02-23T12:36:09.031Z,dwellir,91993482063,71065,6537516802807095,62890482063,213788000000,213788000000,339568964126,19662156327807095,24131468435614190,1119,""
2026-02-23T12:46:07.674Z,quicknode,182100350190,71065,12940961386252350,152624193364,136000000000,136000000000,441248386728,20511078301412660,31357316602825320,344,""
2026-02-23T12:46:08.016Z,alchemy,182100350190,71065,12940961386252350,152624193364,136000000000,136000000000,441248386728,20511078301412660,31357316602825320,336,""
2026-02-23T12:46:09.183Z,dwellir,182465591565,71065,12966917264566725,153078383440,128000000000,128000000000,434156766880,19974835319163600,30853350638327200,1166,""
2026-02-23T12:56:07.643Z,quicknode,133353753143,71065,9476784467107295,103000265271,120000000000,120000000000,326000530542,15847513851483615,23167227702967230,295,""
2026-02-23T12:56:08.028Z,alchemy,132711682144,71065,9431155691563360,103000265271,120000000000,120000000000,326000530542,15847513851483615,23167227702967230,382,""
2026-02-23T12:56:09.153Z,dwellir,132516126890,71065,9417258557437850,102804710017,120000000000,120000000000,325609420034,15833616717358105,23139433434716210,1124,""
2026-02-23T13:06:07.637Z,quicknode,107348791599,71065,7628741874982935,78369373923,165928000000,165928000000,322666747846,17360992877837995,22930312435675990,268,""
2026-02-23T13:06:08.155Z,alchemy,107348791599,71065,7628741874982935,78369373923,165928000000,165928000000,322666747846,17360992877837995,22930312435675990,514,""
2026-02-23T13:06:09.323Z,dwellir,108007919826,71065,7675582822434690,79028502150,165928000000,165928000000,323985004300,17407833825289750,23023994330579500,1166,""
2026-02-23T13:16:07.631Z,quicknode,160078550790,71065,11375982211891350,131170712872,130672000000,130672000000,393013425744,18607852390248680,27929499100497360,258,""
2026-02-23T13:16:07.986Z,alchemy,161170712872,71065,11453596710248680,131170712872,130672000000,130672000000,393013425744,18607852390248680,27929499100497360,351,""
2026-02-23T13:16:09.163Z,dwellir,160788892708,71065,11426462660294020,130981348496,130672000000,130672000000,392634696992,18594395210868240,27902584741736480,1177,""
2026-02-23T13:26:07.639Z,quicknode,194756442911,71065,13840366615470215,164756442911,174508000000,174508000000,504020885822,24109827635470215,35818244250940430,263,""
2026-02-23T13:26:08.515Z,alchemy,194024585574,71065,13788357173816310,164024585574,175432000000,175432000000,503481171148,24123482253816310,35779889427632620,871,""
2026-02-23T13:26:09.724Z,dwellir,194024585574,71065,13788357173816310,164024585574,175432000000,175432000000,503481171148,24123482253816310,35779889427632620,1209,""
2026-02-23T13:36:07.652Z,quicknode,186358673381,71065,13243579123820765,157738173676,87000000000,87000000000,402476347352,17392318312284940,28601981624569880,270,""
2026-02-23T13:36:08.546Z,alchemy,185618251431,71065,13190961037944015,157393032177,87000000000,87000000000,401786064354,17367790831658505,28552926663317010,889,""
2026-02-23T13:36:09.702Z,dwellir,185618251431,71065,13190961037944015,157393032177,87000000000,87000000000,401786064354,17367790831658505,28552926663317010,1155,""
2026-02-23T13:46:07.697Z,quicknode,143603786341,71065,10205203076323165,115600409972,87000000000,87000000000,318200819944,14397798134660180,22612941269320360,302,""
2026-02-23T13:46:08.088Z,alchemy,144593543723,71065,10275540184674995,115600409972,87000000000,87000000000,318200819944,14397798134660180,22612941269320360,387,""
2026-02-23T13:46:09.450Z,dwellir,145565688705,71065,10344625667820825,116572554954,87000000000,87000000000,320145109908,14466883617806010,22751112235612020,1361,""
2026-02-23T13:56:07.783Z,quicknode,317134912299,71065,22537192542528435,129806140726,749315086292,749315086292,1008927367744,62474749998034170,71699423388727360,375,""
2026-02-23T13:56:08.615Z,alchemy,317134912299,71065,22537192542528435,129806140726,749315086292,749315086292,1008927367744,62474749998034170,71699423388727360,826,""
2026-02-23T13:56:10.012Z,dwellir,318226133671,71065,22614740189329615,130897362098,749315086292,749315086292,1011109810488,62552297644835350,71854518682329720,1397,""
2026-02-23T14:06:07.714Z,quicknode,128171809826,71065,9108529665284690,102596435793,87000000000,87000000000,292192871586,13473670709629545,20764686419259090,269,""
2026-02-23T14:06:08.178Z,alchemy,128171809826,71065,9108529665284690,102596435793,87000000000,87000000000,292192871586,13473670709629545,20764686419259090,460,""
2026-02-23T14:06:09.319Z,dwellir,127903612739,71065,9089470239297035,102328238706,87000000000,87000000000,291656477412,13454611283641890,20726567567283780,1140,""
2026-02-23T14:16:07.723Z,quicknode,168991689737,71065,12009394431159905,138991689737,120000000000,120000000000,397983379474,18405244431159905,28282688862319810,278,""
2026-02-23T14:16:08.094Z,alchemy,168991689737,71065,12009394431159905,138991689737,120000000000,120000000000,397983379474,18405244431159905,28282688862319810,367,""
2026-02-23T14:16:09.252Z,dwellir,168693770108,71065,11988222772725020,138693770108,120000000000,120000000000,397387540216,18384072772725020,28240345545450040,1157,""
2026-02-23T14:26:07.749Z,quicknode,95588926737,71065,6793027078564905,69089574010,89655000000,89655000000,227834148020,11281183152020650,16191033729041300,280,""
2026-02-23T14:26:08.602Z,alchemy,95256217371,71065,6769383087470115,68756864644,89655000000,89655000000,227168729288,11257539160925860,16143745746851720,848,""
2026-02-23T14:26:09.983Z,dwellir,95256217371,71065,6769383087470115,68756864644,89655000000,89655000000,227168729288,11257539160925860,16143745746851720,1381,""
2026-02-23T14:36:07.736Z,quicknode,756543629511,71065,53763773031199215,258701624529,1500000000000,1500000000000,2017403249058,124982130947153385,143366761894306770,257,""
2026-02-23T14:36:08.245Z,alchemy,758701624529,71065,53917130947153385,258701624529,1500000000000,1500000000000,2017403249058,124982130947153385,143366761894306770,506,""
2026-02-23T14:36:09.305Z,dwellir,760878106708,71065,54071802653204020,260878106708,1500000000000,1500000000000,2021756213416,125136802653204020,143676105306408040,1059,""
2026-02-23T14:46:07.769Z,quicknode,506083994483,71065,35964859067934395,476083994483,250408000000,250408000000,1202575988966,51628153587934395,85461062655868790,273,""
2026-02-23T14:46:08.566Z,alchemy,506083994483,71065,35964859067934395,476083994483,250408000000,250408000000,1202575988966,51628153587934395,85461062655868790,791,""
2026-02-23T14:46:09.783Z,dwellir,509271784972,71065,36191399399035180,479271784972,250408000000,250408000000,1208951569944,51854693919035180,85914143318070360,1216,""
2026-02-23T14:56:07.778Z,quicknode,297732835043,71065,21158383922330795,269732835043,120000000000,120000000000,659465670086,27696363922330795,46864927844661590,266,""
2026-02-23T14:56:08.516Z,alchemy,297732835043,71065,21158383922330795,269732835043,120000000000,120000000000,659465670086,27696363922330795,46864927844661590,736,""
2026-02-23T14:56:09.917Z,dwellir,297176711779,71065,21118863022574635,269176711779,120000000000,120000000000,658353423558,27656843022574635,46785886045149270,1400,""
2026-02-23T15:06:07.767Z,quicknode,239912181942,71065,17049359209708230,212372230545,120000000000,120000000000,544744461090,23620032563680425,38712265127360850,249,""
2026-02-23T15:06:08.809Z,alchemy,241028374455,71065,17128681430644575,213476628750,120000000000,120000000000,546953257500,23698516622118750,38869233244237500,1037,""
2026-02-23T15:06:10.087Z,dwellir,242132772660,71065,17207165489082900,213476628750,120000000000,120000000000,546953257500,23698516622118750,38869233244237500,1277,""
2026-02-23T15:16:07.747Z,quicknode,173468348585,71065,12327528192193025,142995292773,120440000000,120440000000,406430585546,18721029080913245,28882989561826490,227,""
2026-02-23T15:16:08.086Z,alchemy,168917040810,71065,12004089505162650,142995292773,120440000000,120440000000,406430585546,18721029080913245,28882989561826490,336,""
2026-02-23T15:16:09.472Z,dwellir,168425154734,71065,11969133621171710,142615278877,120440000000,120440000000,405670557754,18694023393394005,28828978186788010,1384,""
2026-02-23T15:26:07.818Z,quicknode,124102497671,71065,8819343996989615,97421155702,87078000000,87078000000,281920311404,13111432499962630,20034666929925260,270,""
2026-02-23T15:26:08.652Z,alchemy,122931634548,71065,8736136609153620,97421155702,86940000000,86940000000,281782311404,13101625529962630,20024859959925260,829,""
2026-02-23T15:26:09.780Z,dwellir,123414765295,71065,8770470295689175,97904286449,86940000000,86940000000,282748572898,13135959216498185,20093527332996370,1128,""
2026-02-23T15:36:07.832Z,quicknode,136601405755,71065,9707578899979075,107869265686,86637415917,86637415917,302375947289,13822617328117195,21488346694092785,279,""
2026-02-23T15:36:08.668Z,alchemy,136208529067,71065,9679659118146355,107476388998,86637415917,86637415917,301590193913,13794697546284475,21432507130427345,832,""
2026-02-23T15:36:09.738Z,dwellir,136208529067,71065,9679659118146355,107476388998,86637415917,86637415917,301590193913,13794697546284475,21432507130427345,1070,""
2026-02-23T15:46:07.811Z,quicknode,141084324394,71065,10026157513059610,113436006692,84000000000,84000000000,310872013384,14030789815566980,22092119631133960,264,""
2026-02-23T15:46:08.242Z,alchemy,141084324394,71065,10026157513059610,113436006692,84000000000,84000000000,310872013384,14030789815566980,22092119631133960,427,""
2026-02-23T15:46:09.506Z,dwellir,141084324394,71065,10026157513059610,113893775837,84000000000,84000000000,311787551674,14063321179856405,22157182359712810,1262,""
2026-02-23T15:56:07.806Z,quicknode,101808234384,71065,7235002176498960,71808234384,87000000000,87000000000,230616468768,11285707176498960,16388759352997920,256,""
2026-02-23T15:56:08.490Z,alchemy,101808234384,71065,7235002176498960,71808234384,87000000000,87000000000,230616468768,11285707176498960,16388759352997920,681,""
2026-02-23T15:56:19.623Z,dwellir,101626120499,71065,7222060253261435,70828054299,87000000000,87000000000,228656108598,11216050678758435,16249446357516870,11131,""
2026-02-23T16:06:07.862Z,quicknode,173173874574,71065,12306601396601310,143173874574,167840000000,167840000000,454187749148,22102200996601310,32276852393202620,315,""
2026-02-23T16:06:08.162Z,alchemy,173173874574,71065,12306601396601310,143173874574,167840000000,167840000000,454187749148,22102200996601310,32276852393202620,295,""
2026-02-23T16:06:17.186Z,dwellir,173684140477,71065,12342863442998005,143356781765,120224000000,120224000000,406937563530,18731368256129725,28919017952259450,9023,""
2026-02-23T16:16:07.840Z,quicknode,282626953227,71065,20084884431076755,166226953227,491544000000,491544000000,823997906454,46744492791076755,58557411222153510,288,""
2026-02-23T16:16:08.313Z,alchemy,282626953227,71065,20084884431076755,166226953227,491544000000,491544000000,823997906454,46744492791076755,58557411222153510,463,""
2026-02-23T16:16:15.716Z,dwellir,251066970722,71065,17842074274358930,166957994011,457064000000,457064000000,790979988022,44346123004391715,56210992848783430,7403,""
2026-02-23T16:26:07.831Z,quicknode,116187341546,71065,8256853426966490,88604681798,84000000000,84000000000,261209363596,12266151711974870,18562843423949740,275,""
2026-02-23T16:26:08.310Z,alchemy,115026445747,71065,8174354367010555,88604681798,84000000000,84000000000,261209363596,12266151711974870,18562843423949740,474,""
2026-02-23T16:26:25.914Z,dwellir,115265020909,71065,8191308710898085,86600084627,84000000000,84000000000,257200169254,12123695014017755,18277930028035510,17604,""
2026-02-23T16:36:07.843Z,quicknode,131259718519,71065,9327971896552735,103301169816,120000000000,120000000000,326602339632,15868897632974040,23209995265948080,266,""
2026-02-23T16:36:08.142Z,alchemy,131259718519,71065,9327971896552735,103301169816,120000000000,120000000000,326602339632,15868897632974040,23209995265948080,294,""
2026-02-23T16:36:11.246Z,dwellir,132333577872,71065,9404285711473680,104375029169,120000000000,120000000000,328750058338,15945211447894985,23362622895789970,3103,""
2026-02-23T16:46:07.816Z,quicknode,142301892635,71065,10112684000106275,113827847151,84000000000,84000000000,311655694302,14058635957785815,22147811915571630,245,""
2026-02-23T16:46:08.203Z,alchemy,140306083178,71065,9970851801044570,113827847151,84000000000,84000000000,311655694302,14058635957785815,22147811915571630,384,""
2026-02-23T16:46:09.883Z,dwellir,139785042545,71065,9933824048460425,113306806518,84783000000,84783000000,311396613036,14077252100201670,22129400305403340,1679,""
2026-02-23T16:56:07.781Z,quicknode,95491631432,71065,6786112787715080,65588935375,89708088171,89708088171,220885958921,11036182978296490,15697260670720865,227,""
2026-02-23T16:56:08.101Z,alchemy,95491631432,71065,6786112787715080,65588935375,89708088171,89708088171,220885958921,11036182978296490,15697260670720865,317,""
2026-02-23T16:56:12.732Z,dwellir,95382609112,71065,6778365116544280,65284176379,89708088171,89708088171,220276440929,11014525280245750,15653945274619385,4631,""
2026-02-23T17:06:07.838Z,quicknode,190769404288,71065,13557027715726720,155769404288,1500000000000,1500000000000,1811538808576,117667252715726720,128737005431453440,283,""
2026-02-23T17:06:08.566Z,alchemy,190769404288,71065,13557027715726720,157079280969,1500000000000,1500000000000,1814158561938,117760339102061985,128923178204123970,716,""
2026-02-23T17:06:15.616Z,dwellir,189731830713,71065,13483292549619345,159996218147,1500000000000,1500000000000,1819992436294,117967631242616555,129337762485233110,7050,""
2026-02-23T17:16:07.858Z,quicknode,746699259836,71065,53064182900245340,431056749189,1300256385160,1300256385160,2162369883538,123035767892511685,153668815773627970,278,""
2026-02-23T17:16:08.238Z,alchemy,746699259836,71065,53064182900245340,431056749189,1300256385160,1300256385160,2162369883538,123035767892511685,153668815773627970,376,""
2026-02-23T17:16:23.071Z,dwellir,459204583606,71065,32633373733960390,427837772483,617820000000,617820000000,1473495544966,74309669601504395,104713960903008790,14833,""
2026-02-23T17:26:07.853Z,quicknode,433389299329,71065,30798810556815385,405800575696,160000000000,160000000000,971601151392,40208617911836240,69046835823672480,281,""
2026-02-23T17:26:08.702Z,alchemy,431924380357,71065,30694706090070205,404335656724,144000000000,144000000000,952671313448,38967473445091060,67701586890182120,843,""
2026-02-23T17:26:15.605Z,dwellir,425896911924,71065,30266364045879060,398308188291,144000000000,144000000000,940616376582,38539131400899915,66844902801799830,6902,""
2026-02-23T17:36:07.861Z,quicknode,415638087180,71065,29537320665446700,386279374519,123964000000,123964000000,896522749038,36260445410192735,63711389160385470,284,""
2026-02-23T17:36:08.398Z,alchemy,415638087180,71065,29537320665446700,386279374519,124736000000,124736000000,897294749038,36315307590192735,63766251340385470,533,""
2026-02-23T17:36:09.685Z,dwellir,416883815877,71065,29625848375299005,387525103216,124736000000,124736000000,899786206432,36403835300045040,63943306760090080,1286,""
2026-02-23T17:46:07.878Z,quicknode,271595407461,71065,19300927631215965,241595407461,120000000000,120000000000,603190814922,25696777631215965,42865755262431930,248,""
2026-02-23T17:46:08.645Z,alchemy,271595407461,71065,19300927631215965,242863595606,120000000000,120000000000,605727191212,25786901421740390,43046002843480780,765,""
2026-02-23T17:46:16.764Z,dwellir,273955788011,71065,19468668075001715,241996246106,120000000000,120000000000,603992492212,25725263229522890,42922726459045780,8118,""
2026-02-23T17:56:07.933Z,quicknode,223997302055,71065,15918368270538575,197068987481,120000000000,120000000000,514137974962,22532507595337265,36537215190674530,288,""
2026-02-23T17:56:08.629Z,alchemy,223149876684,71065,15858145986548460,196221562110,120000000000,120000000000,512443124220,22472285311347150,36416770622694300,690,""
2026-02-23T17:56:10.981Z,dwellir,223226968387,71065,15863624508422155,196221562110,120000000000,120000000000,512443124220,22472285311347150,36416770622694300,2352,""
2026-02-23T18:06:07.926Z,quicknode,130443701388,71065,9269981639138220,103149929726,126532000000,126532000000,332831859452,16322346335978190,23652696091956380,281,""
2026-02-23T18:06:08.232Z,alchemy,130443701388,71065,9269981639138220,103149929726,126532000000,126532000000,332831859452,16322346335978190,23652696091956380,302,""
2026-02-23T18:06:15.637Z,dwellir,130794150259,71065,9294886288155835,103500378597,127412000000,127412000000,334412757194,16409788184995805,23765042589991610,7405,""
2026-02-23T18:16:07.955Z,quicknode,139775858525,71065,9933171386079125,110774392179,125908000000,125908000000,347456784358,16819834200200635,24692016380401270,263,""
2026-02-23T18:16:08.670Z,alchemy,139634835711,71065,9923149599802215,110633369365,120000000000,120000000000,341266738730,16389960393923725,24252120787847450,711,""
2026-02-23T18:16:13.437Z,dwellir,139634835711,71065,9923149599802215,110681019677,120000000000,120000000000,341362039354,16393346663346005,24258893326692010,4764,""
2026-02-23T18:26:08.061Z,quicknode,94023719920,71065,6681795656114800,67888708471,87000000000,87000000000,222777416942,11007166067491615,15831677134983230,316,""
2026-02-23T18:26:08.876Z,alchemy,94709172562,71065,6730507348118530,68139931547,87000000000,87000000000,223279863094,11025019235387555,15867383470775110,810,""
2026-02-23T18:26:13.313Z,dwellir,95281383302,71065,6771171504356630,68712142287,87000000000,87000000000,224424284574,11065683391625655,15948711783251310,4436,""
2026-02-23T18:36:08.121Z,quicknode,178824555026,71065,12708167002922690,150074046457,155576000000,155576000000,455724092914,21721020551466705,32386032662933410,372,""
2026-02-23T18:36:08.564Z,alchemy,180074046457,71065,12796962111466705,151334601656,155576000000,155576000000,458245203312,21810601906683640,32565195373367280,437,""
2026-02-23T18:36:09.803Z,dwellir,180074046457,71065,12796962111466705,151334601656,140000000000,140000000000,442669203312,20703693466683640,31458286933367280,1238,""
2026-02-23T18:46:08.052Z,quicknode,104110581679,71065,7398618487018135,75106888530,144380000000,144380000000,294593777060,15597835733384450,20935306766768900,282,""
2026-02-23T18:46:08.861Z,alchemy,104152583404,71065,7401603339605260,74987347448,144380000000,144380000000,294354694896,15589340546392120,20918316392784240,804,""
2026-02-23T18:46:11.260Z,dwellir,104152583404,71065,7401603339605260,74944439822,144380000000,144380000000,294268879644,15586291315950430,20912217931900860,2398,""
2026-02-23T18:56:08.091Z,quicknode,106382879242,71065,7560099313332730,77804371848,120000000000,120000000000,275608743696,14056967685378120,19586135370756240,331,""
2026-02-23T18:56:08.509Z,alchemy,108458788400,71065,7707623797646000,78458788400,120000000000,120000000000,276917576800,14103473797646000,19679147595292000,413,""
2026-02-23T18:56:11.672Z,dwellir,108458788400,71065,7707623797646000,78458788400,120000000000,120000000000,276917576800,14103473797646000,19679147595292000,3163,""
2026-02-23T19:06:08.004Z,quicknode,228646504827,71065,16248763865530755,199780029606,312000000000,312000000000,711560059212,36369647803950390,50567015607900780,261,""
2026-02-23T19:06:08.659Z,alchemy,230690660516,71065,16394031789569540,200690660516,312000000000,312000000000,713381321032,36434361789569540,50696443579139080,651,""
2026-02-23T19:06:12.780Z,dwellir,230690660516,71065,16394031789569540,199933350504,308000000000,308000000000,707866701008,36096283553566760,50304547107133520,4120,""
2026-02-23T19:16:08.057Z,quicknode,162131843383,71065,11521899450012895,133629532547,87000000000,87000000000,354259065094,15679037730452555,25175420460905110,297,""
2026-02-23T19:16:08.420Z,alchemy,162243745385,71065,11529851765785025,133741434549,87000000000,87000000000,354482869098,15686990046224685,25191325092449370,360,""
2026-02-23T19:16:13.355Z,dwellir,162243745385,71065,11529851765785025,133741434549,87000000000,87000000000,354482869098,15686990046224685,25191325092449370,4934,""
2026-02-23T19:26:08.053Z,quicknode,85845861055,71065,6100636115873575,59402746223,79329344496,79329344496,198134836942,9858996026945735,14080452187283230,309,""
2026-02-23T19:26:08.730Z,alchemy,85778108107,71065,6095821252623955,59334993275,79329344496,79329344496,197999331046,9854181163696115,14070822460783990,671,""
2026-02-23T19:26:09.866Z,dwellir,85778108107,71065,6095821252623955,59334993275,79329344496,79329344496,197999331046,9854181163696115,14070822460783990,1134,""
2026-02-23T19:36:08.158Z,quicknode,272858803922,71065,19390710900716930,132599785675,1344716000000,1344716000000,1609915571350,104985446308993875,114408650077987750,332,""
2026-02-23T19:36:08.472Z,alchemy,273973934179,71065,19469957632430635,133714915932,955788143212,955788143212,1223217975076,77425534898068360,86927985398775940,311,""
2026-02-23T19:36:18.885Z,dwellir,272858803922,71065,19390710900716930,138269592525,561036072988,561036072988,837575258038,49696157119681345,59522285712470470,10412,""
2026-02-23T19:46:08.074Z,quicknode,198214767137,71065,14086132426590905,172024926993,156228000000,156228000000,500277853986,23327294256757545,35552245693515090,275,""
2026-02-23T19:46:08.605Z,alchemy,197965846169,71065,14068442857999985,171776006025,166188000000,166188000000,509740012050,24017412088166625,36224673956333250,528,""
2026-02-23T19:46:19.940Z,dwellir,197965846169,71065,14068442857999985,173486113297,166676000000,166676000000,513648226594,24173620581451305,36502411222902610,11334,""
2026-02-23T19:56:08.082Z,quicknode,110359478737,71065,7842696356444905,83762678011,81000000000,81000000000,248525356022,11708859712851715,17661454425703430,283,""
2026-02-23T19:56:08.482Z,alchemy,110359478737,71065,7842696356444905,84467086019,81000000000,81000000000,249934172038,11758918467940235,17761571935880470,397,""
2026-02-23T19:56:11.058Z,dwellir,111063886745,71065,7892755111533425,84467086019,81000000000,81000000000,249934172038,11758918467940235,17761571935880470,2575,""
